Business Name,Email
Wealth Planning Partners,amanda@wealthplanningpartners.com.au
HMH Advisory,info@hmh.com.au
Financial Directions,office@fdnq.com.au
Moneywise Financial Solutions,info@moneywisefs.com.au
Progressive Financial Planners,ang@progressivefp.com.au
Golconda Group,enquiry@golconda.com.au
RetireInvest (RI Toowoomba),enquiries@ritoowomba.com.au
Insight Wealth Planning,planning@insightadvice.com.au
Modoras Financial Performance Solutions,enquiry@modoras.com
Matrix Planning Solution,admin@claysfinancial.com.au
Foundation Wealth Planners,info@foundationwplan.com.au
Brown Macaulay & Warren Financial Services,advice@bmwca.com.au
Morgans,cairns@morgans.com.au
Morgans Financial Limited,newcastle@morgans.com.au
Roberts & Morrow Financial Services,enquiries@rmfs.net.au
Milestone Financial Planners,admin@milestonefp.com.au
McConachie Stedman,mail@mcconachiestedman.com.au
Focus Partners Financial Services,super@focuspartners.com.au
Crest Financial Services Pty Ltd,newcastle@crestfs.com.au
Crowe Horwath,launceston@crowehorwath.com.au
Value Plus Financial Services,enquiries@vpfs.com.au
"Power 2 - Tax Returns, Accounting, Financial Advice In Mackay",enquiries@power2.com.au
Andrew Rowan Wealth Management,andrew@arwm.com.au
Soundbridge Financial Services,admin@soundbridge.com.au
COMPASS Financial Management,admin@compassadvice.com.au
Goulburn Financial Services,info@goulburnfinancialservices.com.au
Journey Financial Group Pty Ltd,info@journeyfinancial.com.au
Golconda Group,enquiry@golconda.com.au
Seaview Financial,alan@goulburnfinancialservices.com.au
Morgans,ballina@morgans.com.au
Advisory Group,info@advisorygroup.com.au
Lifeplanner Financial Services,lifeplanner@lifeplanner.com.au
FM Financial,info@fmfinancial.com.au
Trilogy Financial Group,info@trilogyfg.com.au
Kingston Financial Planning Pty Ltd,admin@kingstonfp.com.au
OzPlan Financial Services Pty Ltd - Laurie Pennell,lauriepennell@ozplan.com.au
Peacheys Investment Services Pty Ltd,tpeachey@optusnet.com.au
DMA Financial Strategists,info@dmafs.com.au
Darwin Financial Services,clientservices@darwinfs.com.au
Suetonius Wealth Management,info@suetonius.com.au
CBS Financial,cbs@cbsfin.com.au
Harvest Wealth (SA),saoffice@harvestwealthsa.com.au
Hillross Albury,admin@hillrossalbury.com.au
Nexia Australia,info@nexiacourt.com.au
Johnsons MME,contactus@johnsonsmme.com.au
TFC Financial,info@tfcfinancial.com.au
Infocus Financial Advice,herveybay@infocus.com.au
Varria PTY LTD,general@varria.com.au
Wealth Merchants Australia,info@wealthmerchants.com.au
Macarthur Wealth Management,info@macarthurwealth.com.au
Sofcorp Wealth,finplan@sofcorp.com.au
Strategic Financial Planning & Insurance,advice@strategicfp.com.au
Webb Financial,info@webbfinancial.com.au
360 Private Wealth,adminfs@360pw.com.au
Quadrant Financial Planning,enquiry@quadrantfp.com.au
Hillross,grant.thompson@hillross.com.au
Graham Wealth,enquiry@grahamwealth.com.au
Maher Digby Securities Pty Ltd,invest@maherdigby.com.au
Assure Financial,assure@assurefinancial.com.au
Emohruo Financial Services Pty Ltd,info@emohruo.com.au
DPM Financial Management,admin@dpmfm.com.au
Bridges Personal Investment Services,dubbo@bridges.com.au
ES&A Financial Services Pty Ltd,info@esafinance.com.au
McCormack Financial Services Pty Ltd,enquiries@mccormackfs.com.au
STB Advisory Pty Ltd,admin@stbadvisory.com.au
Morgans,bundaberg@morgans.com.au
Willow Financial Services,admin@willowfinance.com.au
Northern Rivers Financial Advice,info@nrfinancial.com.au
Wealth Planning Partners,amanda@wealthplanningpartners.com.au
HMH Advisory,info@hmh.com.au
Financial Directions,office@fdnq.com.au
Moneywise Financial Solutions,info@moneywisefs.com.au
Progressive Financial Planners,ang@progressivefp.com.au
Golconda Group,enquiry@golconda.com.au
RetireInvest (RI Toowoomba),enquiries@ritoowomba.com.au
Insight Wealth Planning,planning@insightadvice.com.au
Modoras Financial Performance Solutions,enquiry@modoras.com
Matrix Planning Solution,admin@claysfinancial.com.au
Foundation Wealth Planners,info@foundationwplan.com.au
Brown Macaulay & Warren Financial Services,advice@bmwca.com.au
Morgans,cairns@morgans.com.au
Morgans Financial Limited,newcastle@morgans.com.au
Roberts & Morrow Financial Services,enquiries@rmfs.net.au
Milestone Financial Planners,admin@milestonefp.com.au
McConachie Stedman,mail@mcconachiestedman.com.au
Focus Partners Financial Services,super@focuspartners.com.au
Crest Financial Services Pty Ltd,newcastle@crestfs.com.au
Crowe Horwath,launceston@crowehorwath.com.au
Value Plus Financial Services,enquiries@vpfs.com.au
"Power 2 - Tax Returns, Accounting, Financial Advice In Mackay",enquiries@power2.com.au
Andrew Rowan Wealth Management,andrew@arwm.com.au
Soundbridge Financial Services,admin@soundbridge.com.au
COMPASS Financial Management,admin@compassadvice.com.au
Goulburn Financial Services,info@goulburnfinancialservices.com.au
Journey Financial Group Pty Ltd,info@journeyfinancial.com.au
Golconda Group,enquiry@golconda.com.au
Seaview Financial,alan@goulburnfinancialservices.com.au
Morgans,ballina@morgans.com.au
Advisory Group,info@advisorygroup.com.au
Lifeplanner Financial Services,lifeplanner@lifeplanner.com.au
FM Financial,info@fmfinancial.com.au
Trilogy Financial Group,info@trilogyfg.com.au
Kingston Financial Planning Pty Ltd,admin@kingstonfp.com.au
Business Name,Email
Wealth Planning Partners,amanda@wealthplanningpartners.com.au
HMH Advisory,info@hmh.com.au
Financial Directions,office@fdnq.com.au
Moneywise Financial Solutions,info@moneywisefs.com.au
Progressive Financial Planners,ang@progressivefp.com.au
Golconda Group,enquiry@golconda.com.au
RetireInvest (RI Toowoomba),enquiries@ritoowomba.com.au
Insight Wealth Planning,planning@insightadvice.com.au
Modoras Financial Performance Solutions,enquiry@modoras.com
Matrix Planning Solution,admin@claysfinancial.com.au
Foundation Wealth Planners,info@foundationwplan.com.au
Brown Macaulay & Warren Financial Services,advice@bmwca.com.au
Morgans,cairns@morgans.com.au
Morgans Financial Limited,newcastle@morgans.com.au
Roberts & Morrow Financial Services,enquiries@rmfs.net.au
Milestone Financial Planners,admin@milestonefp.com.au
McConachie Stedman,mail@mcconachiestedman.com.au
Focus Partners Financial Services,super@focuspartners.com.au
Crest Financial Services Pty Ltd,newcastle@crestfs.com.au
Crowe Horwath,launceston@crowehorwath.com.au
Value Plus Financial Services,enquiries@vpfs.com.au
"Power 2 - Tax Returns, Accounting, Financial Advice In Mackay",enquiries@power2.com.au
Andrew Rowan Wealth Management,andrew@arwm.com.au
Soundbridge Financial Services,admin@soundbridge.com.au
COMPASS Financial Management,admin@compassadvice.com.au
Goulburn Financial Services,info@goulburnfinancialservices.com.au
Journey Financial Group Pty Ltd,info@journeyfinancial.com.au
Golconda Group,enquiry@golconda.com.au
Seaview Financial,alan@goulburnfinancialservices.com.au
Morgans,ballina@morgans.com.au
Advisory Group,info@advisorygroup.com.au
Lifeplanner Financial Services,lifeplanner@lifeplanner.com.au
FM Financial,info@fmfinancial.com.au
Trilogy Financial Group,info@trilogyfg.com.au
Kingston Financial Planning Pty Ltd,admin@kingstonfp.com.au
OzPlan Financial Services Pty Ltd - Laurie Pennell,lauriepennell@ozplan.com.au
Peacheys Investment Services Pty Ltd,tpeachey@optusnet.com.au
DMA Financial Strategists,info@dmafs.com.au
Darwin Financial Services,clientservices@darwinfs.com.au
Suetonius Wealth Management,info@suetonius.com.au
CBS Financial,cbs@cbsfin.com.au
Harvest Wealth (SA),saoffice@harvestwealthsa.com.au
Hillross Albury,admin@hillrossalbury.com.au
Nexia Australia,info@nexiacourt.com.au
Johnsons MME,contactus@johnsonsmme.com.au
TFC Financial,info@tfcfinancial.com.au
Infocus Financial Advice,herveybay@infocus.com.au
Varria PTY LTD,general@varria.com.au
Wealth Merchants Australia,info@wealthmerchants.com.au
Macarthur Wealth Management,info@macarthurwealth.com.au
Sofcorp Wealth,finplan@sofcorp.com.au
Strategic Financial Planning & Insurance,advice@strategicfp.com.au
Webb Financial,info@webbfinancial.com.au
360 Private Wealth,adminfs@360pw.com.au
Quadrant Financial Planning,enquiry@quadrantfp.com.au
Hillross,grant.thompson@hillross.com.au
Graham Wealth,enquiry@grahamwealth.com.au
Maher Digby Securities Pty Ltd,invest@maherdigby.com.au
Assure Financial,assure@assurefinancial.com.au
Emohruo Financial Services Pty Ltd,info@emohruo.com.au
DPM Financial Management,admin@dpmfm.com.au
Bridges Personal Investment Services,dubbo@bridges.com.au
ES&A Financial Services Pty Ltd,info@esafinance.com.au
McCormack Financial Services Pty Ltd,enquiries@mccormackfs.com.au
STB Advisory Pty Ltd,admin@stbadvisory.com.au
Morgans,bundaberg@morgans.com.au
Willow Financial Services,admin@willowfinance.com.au
Northern Rivers Financial Advice,info@nrfinancial.com.au
Wealth Planning Partners,amanda@wealthplanningpartners.com.au
HMH Advisory,info@hmh.com.au
Financial Directions,office@fdnq.com.au
Moneywise Financial Solutions,info@moneywisefs.com.au
Progressive Financial Planners,ang@progressivefp.com.au
Golconda Group,enquiry@golconda.com.au
RetireInvest (RI Toowoomba),enquiries@ritoowomba.com.au
Insight Wealth Planning,planning@insightadvice.com.au
Modoras Financial Performance Solutions,enquiry@modoras.com
Matrix Planning Solution,admin@claysfinancial.com.au
Foundation Wealth Planners,info@foundationwplan.com.au
Brown Macaulay & Warren Financial Services,advice@bmwca.com.au
Morgans,cairns@morgans.com.au
Morgans Financial Limited,newcastle@morgans.com.au
Roberts & Morrow Financial Services,enquiries@rmfs.net.au
Milestone Financial Planners,admin@milestonefp.com.au
McConachie Stedman,mail@mcconachiestedman.com.au
Focus Partners Financial Services,super@focuspartners.com.au
Crest Financial Services Pty Ltd,newcastle@crestfs.com.au
Crowe Horwath,launceston@crowehorwath.com.au
Value Plus Financial Services,enquiries@vpfs.com.au
"Power 2 - Tax Returns, Accounting, Financial Advice In Mackay",enquiries@power2.com.au
Andrew Rowan Wealth Management,andrew@arwm.com.au
Soundbridge Financial Services,admin@soundbridge.com.au
COMPASS Financial Management,admin@compassadvice.com.au
Goulburn Financial Services,info@goulburnfinancialservices.com.au
Journey Financial Group Pty Ltd,info@journeyfinancial.com.au
Golconda Group,enquiry@golconda.com.au
Seaview Financial,alan@goulburnfinancialservices.com.au
Morgans,ballina@morgans.com.au
Advisory Group,info@advisorygroup.com.au
Lifeplanner Financial Services,lifeplanner@lifeplanner.com.au
FM Financial,info@fmfinancial.com.au
Trilogy Financial Group,info@trilogyfg.com.au
Kingston Financial Planning Pty Ltd,admin@kingstonfp.com.au
Business Name,Email
Wealth Planning Partners,amanda@wealthplanningpartners.com.au
HMH Advisory,info@hmh.com.au
Financial Directions,office@fdnq.com.au
Moneywise Financial Solutions,info@moneywisefs.com.au
Progressive Financial Planners,ang@progressivefp.com.au
Golconda Group,enquiry@golconda.com.au
RetireInvest (RI Toowoomba),enquiries@ritoowomba.com.au
Insight Wealth Planning,planning@insightadvice.com.au
Modoras Financial Performance Solutions,enquiry@modoras.com
Matrix Planning Solution,admin@claysfinancial.com.au
Foundation Wealth Planners,info@foundationwplan.com.au
Brown Macaulay & Warren Financial Services,advice@bmwca.com.au
Morgans,cairns@morgans.com.au
Morgans Financial Limited,newcastle@morgans.com.au
Roberts & Morrow Financial Services,enquiries@rmfs.net.au
Milestone Financial Planners,admin@milestonefp.com.au
McConachie Stedman,mail@mcconachiestedman.com.au
Focus Partners Financial Services,super@focuspartners.com.au
Crest Financial Services Pty Ltd,newcastle@crestfs.com.au
Crowe Horwath,launceston@crowehorwath.com.au
Value Plus Financial Services,enquiries@vpfs.com.au
"Power 2 - Tax Returns, Accounting, Financial Advice In Mackay",enquiries@power2.com.au
Andrew Rowan Wealth Management,andrew@arwm.com.au
Soundbridge Financial Services,admin@soundbridge.com.au
COMPASS Financial Management,admin@compassadvice.com.au
Goulburn Financial Services,info@goulburnfinancialservices.com.au
Journey Financial Group Pty Ltd,info@journeyfinancial.com.au
Golconda Group,enquiry@golconda.com.au
Seaview Financial,alan@goulburnfinancialservices.com.au
Morgans,ballina@morgans.com.au
Advisory Group,info@advisorygroup.com.au
Lifeplanner Financial Services,lifeplanner@lifeplanner.com.au
FM Financial,info@fmfinancial.com.au
Trilogy Financial Group,info@trilogyfg.com.au
Kingston Financial Planning Pty Ltd,admin@kingstonfp.com.au
OzPlan Financial Services Pty Ltd - Laurie Pennell,lauriepennell@ozplan.com.au
Peacheys Investment Services Pty Ltd,tpeachey@optusnet.com.au
DMA Financial Strategists,info@dmafs.com.au
Darwin Financial Services,clientservices@darwinfs.com.au
Suetonius Wealth Management,info@suetonius.com.au
CBS Financial,cbs@cbsfin.com.au
Harvest Wealth (SA),saoffice@harvestwealthsa.com.au
Hillross Albury,admin@hillrossalbury.com.au
Nexia Australia,info@nexiacourt.com.au
Johnsons MME,contactus@johnsonsmme.com.au
TFC Financial,info@tfcfinancial.com.au
Infocus Financial Advice,herveybay@infocus.com.au
Varria PTY LTD,general@varria.com.au
Wealth Merchants Australia,info@wealthmerchants.com.au
Macarthur Wealth Management,info@macarthurwealth.com.au
Sofcorp Wealth,finplan@sofcorp.com.au
Strategic Financial Planning & Insurance,advice@strategicfp.com.au
Webb Financial,info@webbfinancial.com.au
360 Private Wealth,adminfs@360pw.com.au
Quadrant Financial Planning,enquiry@quadrantfp.com.au
Hillross,grant.thompson@hillross.com.au
Graham Wealth,enquiry@grahamwealth.com.au
Maher Digby Securities Pty Ltd,invest@maherdigby.com.au
Assure Financial,assure@assurefinancial.com.au
Emohruo Financial Services Pty Ltd,info@emohruo.com.au
DPM Financial Management,admin@dpmfm.com.au
Bridges Personal Investment Services,dubbo@bridges.com.au
ES&A Financial Services Pty Ltd,info@esafinance.com.au
McCormack Financial Services Pty Ltd,enquiries@mccormackfs.com.au
STB Advisory Pty Ltd,admin@stbadvisory.com.au
Morgans,bundaberg@morgans.com.au
Willow Financial Services,admin@willowfinance.com.au
Northern Rivers Financial Advice,info@nrfinancial.com.au
Wealth Planning Partners,amanda@wealthplanningpartners.com.au
HMH Advisory,info@hmh.com.au
Financial Directions,office@fdnq.com.au
Moneywise Financial Solutions,info@moneywisefs.com.au
Progressive Financial Planners,ang@progressivefp.com.au
Golconda Group,enquiry@golconda.com.au
RetireInvest (RI Toowoomba),enquiries@ritoowomba.com.au
Insight Wealth Planning,planning@insightadvice.com.au
Modoras Financial Performance Solutions,enquiry@modoras.com
Matrix Planning Solution,admin@claysfinancial.com.au
Foundation Wealth Planners,info@foundationwplan.com.au
Brown Macaulay & Warren Financial Services,advice@bmwca.com.au
Morgans,cairns@morgans.com.au
Morgans Financial Limited,newcastle@morgans.com.au
Roberts & Morrow Financial Services,enquiries@rmfs.net.au
Milestone Financial Planners,admin@milestonefp.com.au
McConachie Stedman,mail@mcconachiestedman.com.au
Focus Partners Financial Services,super@focuspartners.com.au
Crest Financial Services Pty Ltd,newcastle@crestfs.com.au
Crowe Horwath,launceston@crowehorwath.com.au
Value Plus Financial Services,enquiries@vpfs.com.au
"Power 2 - Tax Returns, Accounting, Financial Advice In Mackay",enquiries@power2.com.au
Andrew Rowan Wealth Management,andrew@arwm.com.au
Soundbridge Financial Services,admin@soundbridge.com.au
COMPASS Financial Management,admin@compassadvice.com.au
Goulburn Financial Services,info@goulburnfinancialservices.com.au
Journey Financial Group Pty Ltd,info@journeyfinancial.com.au
Golconda Group,enquiry@golconda.com.au
Seaview Financial,alan@goulburnfinancialservices.com.au
Morgans,ballina@morgans.com.au
Advisory Group,info@advisorygroup.com.au
Lifeplanner Financial Services,lifeplanner@lifeplanner.com.au
FM Financial,info@fmfinancial.com.au
Trilogy Financial Group,info@trilogyfg.com.au
Kingston Financial Planning Pty Ltd,admin@kingstonfp.com.au
Business Name,Email
Wealth Planning Partners,amanda@wealthplanningpartners.com.au
HMH Advisory,info@hmh.com.au
Financial Directions,office@fdnq.com.au
Moneywise Financial Solutions,info@moneywisefs.com.au
Progressive Financial Planners,ang@progressivefp.com.au
Golconda Group,enquiry@golconda.com.au
RetireInvest (RI Toowoomba),enquiries@ritoowomba.com.au
Insight Wealth Planning,planning@insightadvice.com.au
Modoras Financial Performance Solutions,enquiry@modoras.com
Matrix Planning Solution,admin@claysfinancial.com.au
Foundation Wealth Planners,info@foundationwplan.com.au
Brown Macaulay & Warren Financial Services,advice@bmwca.com.au
Morgans,cairns@morgans.com.au
Morgans Financial Limited,newcastle@morgans.com.au
Roberts & Morrow Financial Services,enquiries@rmfs.net.au
Milestone Financial Planners,admin@milestonefp.com.au
McConachie Stedman,mail@mcconachiestedman.com.au
Focus Partners Financial Services,super@focuspartners.com.au
Crest Financial Services Pty Ltd,newcastle@crestfs.com.au
Crowe Horwath,launceston@crowehorwath.com.au
Value Plus Financial Services,enquiries@vpfs.com.au
"Power 2 - Tax Returns, Accounting, Financial Advice In Mackay",enquiries@power2.com.au
Andrew Rowan Wealth Management,andrew@arwm.com.au
Soundbridge Financial Services,admin@soundbridge.com.au
COMPASS Financial Management,admin@compassadvice.com.au
Goulburn Financial Services,info@goulburnfinancialservices.com.au
Journey Financial Group Pty Ltd,info@journeyfinancial.com.au
Golconda Group,enquiry@golconda.com.au
Seaview Financial,alan@goulburnfinancialservices.com.au
Morgans,ballina@morgans.com.au
Advisory Group,info@advisorygroup.com.au
Lifeplanner Financial Services,lifeplanner@lifeplanner.com.au
FM Financial,info@fmfinancial.com.au
Trilogy Financial Group,info@trilogyfg.com.au
Kingston Financial Planning Pty Ltd,admin@kingstonfp.com.au
OzPlan Financial Services Pty Ltd - Laurie Pennell,lauriepennell@ozplan.com.au
Peacheys Investment Services Pty Ltd,tpeachey@optusnet.com.au
DMA Financial Strategists,info@dmafs.com.au
Darwin Financial Services,clientservices@darwinfs.com.au
Suetonius Wealth Management,info@suetonius.com.au
CBS Financial,cbs@cbsfin.com.au
Harvest Wealth (SA),saoffice@harvestwealthsa.com.au
Hillross Albury,admin@hillrossalbury.com.au
Nexia Australia,info@nexiacourt.com.au
Johnsons MME,contactus@johnsonsmme.com.au
TFC Financial,info@tfcfinancial.com.au
Infocus Financial Advice,herveybay@infocus.com.au
Varria PTY LTD,general@varria.com.au
Wealth Merchants Australia,info@wealthmerchants.com.au
Macarthur Wealth Management,info@macarthurwealth.com.au
Sofcorp Wealth,finplan@sofcorp.com.au
Strategic Financial Planning & Insurance,advice@strategicfp.com.au
Webb Financial,info@webbfinancial.com.au
360 Private Wealth,adminfs@360pw.com.au
Quadrant Financial Planning,enquiry@quadrantfp.com.au
Hillross,grant.thompson@hillross.com.au
Graham Wealth,enquiry@grahamwealth.com.au
Maher Digby Securities Pty Ltd,invest@maherdigby.com.au
Assure Financial,assure@assurefinancial.com.au
Emohruo Financial Services Pty Ltd,info@emohruo.com.au
DPM Financial Management,admin@dpmfm.com.au
Bridges Personal Investment Services,dubbo@bridges.com.au
ES&A Financial Services Pty Ltd,info@esafinance.com.au
McCormack Financial Services Pty Ltd,enquiries@mccormackfs.com.au
STB Advisory Pty Ltd,admin@stbadvisory.com.au
Morgans,bundaberg@morgans.com.au
Willow Financial Services,admin@willowfinance.com.au
Northern Rivers Financial Advice,info@nrfinancial.com.au
FinAdvice Financial Planning,queries@finadvice.com.au
Morgans Financial Limited,gosford@morgans.com.au
Belmores Wealth Management,belmore@belmores.com.au
Harvest Wealth,reception@harvestwealth.net.au
Geographe Financial Group,fpadmin@geofingroup.com
Morgans,darwin@morgans.com.au
Eclipse Financial Services,info@eclipsefs.com
Better Business Advice,admin@bbawyong.com.au
Mulcahy & Co,geelong@mulcahy.com.au
Moneylink Financial Planning,russell.tym@moneylink.com.au
Sound Steps,prosper@soundsteps.com.au
Potts Duhring Financial Advisors,info@pottsduhring.com.au
Luka Group Chartered Accountants & Financial Advisers.,admin@lukagroup.com.au
Foley Wilson & Co. Pty. Ltd.,info@foleywilson.com.au
Bell Partners Tamworth/New England,tamoffice@bellpartners.com
Tribel,info@tribel.com.au
Fortunity,info@fortunity.com.au
Burrell Stockbroking & Wealth Management,info@burrell.com.au
Bridges Personal Investment,david.brady@bridges.com.au
Hampstead Private Wealth,patrick@bej.com.au
BMO Financial Solutions,shanel@bmo.com.au
Manifest Financial Wealth,paul.zobonos@manifestfw.com.au
Acclaimed Financial Solutions Pty Limited,acclaimed@ozemail.com.au
Gibson Killer Pty Ltd,adviser@gibsonkiller.com.au
Riverina Financial Planning Pty Ltd,admin@riverinafp.com.au
Forum Financial Services,taree@forumfinancialservices.com.au
Wealth 21,advice@wealth21.com.au
OzPlan Financial Services,brendansmith@ozplan.com.au
Ord Minnett Financial Planning Private Limited,mackay@ords.com.au
Bull Financial Group,bfg@bullfinancial.com.au
O'Donnell Kerr Financial Planners,odk@odonnellkerr.com.au
MF Financial Planning,bryanm@marrfor.com.au
Phillipsons Financial Planning Pty Ltd,queries@phillipsons.com.au
Investment and Insurance Centre Pty Ltd,invinscen@investinsure.com.au
Altitude Wealth Solutions,bruce.shelton@altitudews.com.au
McLauchlan Wealth,service@mclauchlanpartners.com.au
Independent Capital Advisers Pty Ltd,admin@incapital.com.au
S J Butler Financial Planning,info@sjbutler.com.au
Accru Hobart,info@accruhob.com.au
ASB Financial Services Pty Ltd,lisa@asbwagga.com.au
Susan Baker Financial Planning,sue@susanbakerfp.com.au
OzPlan Financial Services,gsetches@ozplan.com.au
Stratogen Financial Planning,info@stratogenfp.com.au
Grampians Investment Services,reception@grampiansinvest.com.au
Australian Unity,rmurfett@australianunity.com.au
FF Planning Solutions Pty Ltd,enquiries@fort.financial
Greentree Financial,invest@greentreefinancial.com.au
Saracens Financial Consultants,phil@saracensfp.com.au
TG Financial,mail@tgfinancial.com.au
RetireInvest,admin@ridarwin.com.au
Direct Advisers,enquiries@directadvisers.com.au
Burnett Business Centre,team@bbuscentre.com.au
TNR Wealth Management,info@tnrwealth.com.au
Hillross Financial Services Ltd,helen.postle@hillross.com.au
Hawthorn Financial Planning,admin@hawthornfp.com.au
Innovus Advice Solutions,enquiry@innovusadvice.com.au
Retireinvest / RI Advice,admin@riparramatta.com.au
Clare Financial Services,clarefin@capri.net.au
MiQ Corporate Services Pty Ltd,brisbane@miqprivate.com.au
Financial Horizons,info@financialhorizons.com.au
Link Financial Services,bk@linkfs.com.au
Stirling Accounting & Financial Solutions,admin@stirlingfs.com.au
Heart Financial Advisers,clientservices@heart1stop.com
Sterling KPG Personal Financial Planners,invest@sterlingkpg.com.au
Red Diamond Accounting,reception@reddiamondgroup.com.au
Lifestyle Financial Group,bizlife@our.net.au
Bloomfield Max,maxbloomfield@westnet.com.au
Financial Momentum,fm@financialmv.com.au
Ironbark Wealth Advisers,enquiry@ironbarkwealth.com.au
CMV Financial Services,info@cadwallfs.com.au
Lindale Insurances Pty Ltd,taxinvest@royamcdonald.com
Jenerate Financial Planning,jeneratefp01@optusnet.com.au
Accura Group,accura@accuragroup.com.au
Peak Partnership,profinvest@peakpartnership.com.au
Morgans Financial,Kedron@morgans.com.au
Edge Specialist Advice Network,selenap@edge.net.au
Kelly Wealth Services,admin@kellywealth.com.au
Lewis Financial Advisory Group Pty Ltd,info@lewisfinancial.com.au
Wealth Planning Solutions,sarthur@wealthps.com.au
Sky Advisers,mail@skyadvisers.com.au
Graham Financial,admin@grahamfin.com.au
Peter Vivian Financial Services,peter@petervivian.com.au
Strategic Wealth Planning Pty Ltd,swp@swp.net.au
Infocus Financial Advice,mackay@infocus.com.au
Monash Financial Solutions,peter.dunn@monashfs.com.au
Quadrant Local,information@quadrantlocal.com.au
Advice Line Australia Pty Ltd,advice@adviceline.com.au
Carboon Financial Services (Also trading as Retirement Mentors Financial Planning),stuart@retirementmentors.com.au
Country Wide Wealth,info@countrywidewealth.com.au
Spinell Accounting Group Pty Ltd,enquiries@spinell.com.au
Generations Aged Care Advice,mail@generationsagedcareadvice.com.au
iQ Money Management,dougiqmoney@bigpond.com
Ritchie Advice Pty Ltd,admin@ritchieadvice.com.au
Hervey Bay Financial Planning,admin@drews.com.au
Breakfree Financial Management,admin@breakfreefm.com.au
Retirewell Financial Planning Pty Ltd,retirewell@retirewell.com.au
Wealth & Retirement Solutions,info@wrs.net.au
Plan to Prosper Financial Planning,admin@plantoprosper.com.au
Investor Logic,info@investorlogic.com.au
Nash Solutions,grahame@nashsolutions.com.au
Personal Wealth Solutions,info@personalwealthsolutions.com.au
Wealthpath Financial Services,info@wealthpath.com.au
Kimmorley Financial Management,admin@kfm.net.au
Sefton Financial,info@seftonfinancial.com.au
Key Financial Planning Pty Ltd,myfuture@keyfp.com.au
Heinz & Partners Financial Services,mpoulton@heinzlaw.com.au
The Money Edge,mail@themoneyedge.com.au
Perks Accountants & Wealth Advisers,enquiries@perks.com.au
Alder & Partners Private Wealth Management,clientservices@alderandpartners.com.au
Duesburys Accountants & Advisors,enquiries@duesburys.com.au
Envision Financial,luke@envisionfinancial.com.au
Private Capital Management,nathan.ide@private-capital.com.au
Totem Wealth,james@totemwealth.com.au
Create & Protect Financial Planning,info@cpfinancialplanning.com.au
Panoptic Wealth,trish.wilson@panopticwealth.com.au
McKinley Plowman,paul.moran@mpmfinance.com.au
Albury Financial Planning,bmaclean@quadrantalbury.com.au
Westmount Financial,info@westmount.com.au
Pursue Wealth,advice@pursuewealth.com.au
Infocus Money Management,caboolture@infocus.com.au
Accretion Financial Planners,admin@accretionfp.com.au
CPH Accounting,info@cpha.com.au
Osborne Yuille,financial.services@oya.com.au
Morgans Financial Limited,perth@morgans.com.au
Bravium,scott@bravium.com.au
RetireInvest,enquiries@rifrankston.com.au
Antipodean Advisory,michael@antipodeanadvisory.com
Riley Young And Associates,riley@ryassoc.com
Swift Business Solutions,info@swiftbiz.com.au
BAILEY ROBERTS GROUP,enquiries@baileyroberts.com.au
Great Financial Planning,ralphemorgan@yahoo.com.au
Belrose Financial Advice Pty Ltd,help@belrosefa.com.au
RetireStrong Pty Ltd,kellie@retirestrong.com.au
Nicholls Wealth Solutions,nichollswealth@outlook.com
Wealth 4 Life Australia,admin@w4la.com.au
PrimeCare Financial Planning Pty. Ltd. - Aged Care Specialist. Offices in Camberwell and The Mornington Peninsula,enquire@primecarefinancial.com.au
Finsense Financial Planning Services Pty Ltd,admin@finsense.com.au
PY Financial Services,reception@pyfinancialservices.com.au
Lifestyle Solutions Financial Planning,daniel@lifestylesolutionsfp.com.au
Goldsborough Financial Services Pty Ltd,mail@goldsborough.com.au
Financial Planning Matters,wally@financialplanningmatters.com.au
Andep Investment Consultancy,info@andep.com.au
Green Associates,info@greenassociates.com.au
Ulton,wealthmanagement@ulton.net
McLeod Watzdorf Financial Planning,mail@mwfp.com.au
Accord Portfolio Management,accordwa@accordwa.com.au
Ulton Wealth Management,wealthmanagement@ulton.net
Prescott Securities,info@prescottsecurities.com.au
Jade Financial Group,admin@jadefg.com.au
Spencer Fuller & Associates,admin@spencerfuller.com.au
Tilley Financial Group Pty Ltd,admin@tilleyfinancial.com.au
Results Financial Services Pty Ltd,admin@resultsfinancial.com.au
Charter Financial Planning,russell@russelldew.com.au
Professional Investment Services Pty Ltd,pis@sothertonsgladstone.com.au
C2G Financial Services,enquiries@c2g.com.au
Haden Partners,contact@hadenpartners.com.au
Results Financial Services Pty Ltd,admin@resultsfinancial.com.au
Charter Financial Planning,russell@russelldew.com.au
Professional Investment Services Pty Ltd,pis@sothertonsgladstone.com.au
C2G Financial Services,enquiries@c2g.com.au
Haden Partners,contact@hadenpartners.com.au
Investment Options (Aust),office@ioa.com.au
Strategic Wealth Partners,admin@strategicwealth.net.au
Zenith Wealth,office@zenithwealth.com.au
Bridges Wodonga,wodonga@bridges.com.au
Findex,heidi@crowehorwath.com.au
Banks Group,reception@banksgroup.com.au
Dobbrick Financial Services,gympie@dobbrickfinancialservices.com.au
Civic Financial Planning,officeadmin.canberra@findex.com.au
Fortnum Financial Advisers,sdunshea@fortnumdubbo.com.au
Leenane Templeton Wealth Management,info@leenanetempleton.com.au
Josman Financial Group,planning@josman.com.au
Retirement Designs,admin@retdes.com.au
Berry Financial Services,jberry@berryfs.com.au
Chalmers Private Wealth,mail@cpwealth.net.au
ipac south australia,admin@ipacsa.com.au
Grasso Financial Services,admin@grassofinancialservices.com.au
Dillow & Russell Financial Solutions,admin@dillowrussell.com.au
Create Financial Solutions,admin@createfs.com.au
Schofield Financial Services,schofinancial@ampfp.com.au
Dixon Financial Group,info@dixonfg.com.au
Bridges Personal Investment Services,Alistair.Fournel@bridges.com.au
Browell's Financial Solutions,info@browells.com.au
Q Advice Financial Planning,mort@qadvice.com.au
PKF Wealth Tamworth,tamworth@pkf.com.au
Interwest Financial Services,advice@interwest.com.au
Australian Financial Practitioners Pty Ltd,ian@ausfinancial.com.au
Shadforth Financial Group,mail@sfg.com.au
Dragonfly Financial Services,malcolm@dragonflyfs.com.au
Morgans,noosa@morgans.com.au
Benton Asset Management,enquiry@benton.com.au
Metzke   Allen Financial Advisers,mail@metzkeallen.com.au
Thurlings Financial Services,tfs@ampfp.com.au
The Investment Collective,accounts@investmentcollective.com.au
Kilara Group,admin@kilara.com.au
Pellegrino Perri Accountants & Financial Planners,ppa@ppassociates.com.au
dmca,info@dmca.com.au
Grow Your Wealth Financial Services Townsville,admin@growyourwealth.com.au
BFAA Accountants,wpugh@bfaa.com.au
CB Financial,advisersupport@cbfinancial.com.au
Morgans,wollongong@morgans.com.au
LiveNow Financial Planning,dahl@livenow.net.au
Choose Wealth,michael@choosewealth.net.au
Western Advisory,con@westernadvisory.com.au
AdvicePlus Financial Solutions,info@adviceplus.com.au
Stirling Lake Financial Group Pty Ltd,markblunden@stirlinglake.com
MDM Financial Services,admin@mdmfinancialservices.com.au
Pride Advice,admin@prideadvice.com.au
Xenia Compliance,info.xeniacompliance@gmail.com
RI Advice RetireInvest,david@rimildura.com.au
Serenity Financial Professionals,service@ampmacarthur.com.au
Infocus Money Management,mandurah@infocus.com.au
Peter A Haans FCPA,info@peterhaans.com.au
Fiducian Canberra,admin@provident.net.au
Aspire Financial Consulting Pty Ltd,info@aspirefc.com.au
Investment And Planning Services,info@investmentandplanning.com.au
ACA Wealth Management,advice@acawealth.com.au
Firefly Finance,enquiries@fireflyfinance.com.au
Retireinvest Woden,info@riwoden.com.au
Australian Financial Advisers,afa@afanet.com.au
Q & S Financial Planning Pty Ltd,info@qandsfp.com.au
Harvey Financial Services,admin@harveyfinancial.com.au
StatePlus,clienthub@stateplus.com.au
